Name,County,Year,Square Miles,Population 
Aberdeen township,Monmouth,2015,5.6,18282
Aberdeen township,Monmouth,2020,5.6,18729
Absecon city,Atlantic,2015,7.2,8394
Absecon city,Atlantic,2020,7.2,8471
Alexandria township,Hunterdon,2015,27.7,4882
Alexandria township,Hunterdon,2020,27.7,4769
Allamuchy township,Warren,2015,20.3,4499
Allamuchy township,Warren,2020,20.3,4640
Allendale borough,Bergen,2015,3.1,6717
Allendale borough,Bergen,2020,3.1,6757
Allenhurst borough,Monmouth,2015,0.3,486
Allenhurst borough,Monmouth,2020,0.3,492
Allentown borough,Monmouth,2015,0.6,1888
Allentown borough,Monmouth,2020,0.6,1740
Alloway township,Salem,2015,33.9,3417
Alloway township,Salem,2020,33.9,3359
Alpha borough,Warren,2015,1.7,2272
Alpha borough,Warren,2020,1.7,2141
Alpine borough,Bergen,2015,6.4,1559
Alpine borough,Bergen,2020,6.4,1459
Andover borough,Sussex,2015,1.4,662
Andover borough,Sussex,2020,1.4,675
Andover township,Sussex,2015,20.8,6127
Andover township,Sussex,2020,20.8,5914
Asbury Park city,Monmouth,2015,1.5,15945
Asbury Park city,Monmouth,2020,1.5,15536
Atlantic City city,Atlantic,2015,15.9,39547
Atlantic City city,Atlantic,2020,15.9,37793
Atlantic Highlands borough,Monmouth,2015,1.2,4346
Atlantic Highlands borough,Monmouth,2020,1.2,4312
Audubon borough,Camden,2015,1.5,8772
Audubon borough,Camden,2020,1.5,8656
Audubon Park borough,Camden,2015,0.2,1010
Audubon Park borough,Camden,2020,0.2,969
Avalon borough,Cape May,2015,5.0,1596
Avalon borough,Cape May,2020,5.0,1456
Avon-by-the-Sea borough,Monmouth,2015,0.5,1809
Avon-by-the-Sea borough,Monmouth,2020,0.5,1731
Barnegat Light borough,Ocean,2015,1.3,589
Barnegat Light borough,Ocean,2020,1.3,461
Barnegat township,Ocean,2015,40.3,21617
Barnegat township,Ocean,2020,40.3,23155
Barrington borough,Camden,2015,1.6,6877
Barrington borough,Camden,2020,1.6,6678
Bass River township,Burlington,2015,78.3,1468
Bass River township,Burlington,2020,78.3,1225
Bay Head borough,Ocean,2015,0.7,992
Bay Head borough,Ocean,2020,0.7,1050
Bayonne city,Hudson,2015,7.7,65378
Bayonne city,Hudson,2020,7.7,65112
Beach Haven borough,Ocean,2015,2.3,991
Beach Haven borough,Ocean,2020,2.3,979
Beachwood borough,Ocean,2015,2.8,11128
Beachwood borough,Ocean,2020,2.8,11274
Bedminster township,Somerset,2015,26.4,8251
Bedminster township,Somerset,2020,26.4,8042
Belleville township,Essex,2015,3.4,36178
Belleville township,Essex,2020,3.4,36340
Bellmawr borough,Camden,2015,3.1,11507
Bellmawr borough,Camden,2020,3.1,11375
Belmar borough,Monmouth,2015,1.5,5745
Belmar borough,Monmouth,2020,1.5,5613
Belvidere town,Warren,2015,1.5,2634
Belvidere town,Warren,2020,1.5,2573
Bergenfield borough,Bergen,2015,2.9,27339
Bergenfield borough,Bergen,2020,2.9,27375
Berkeley Heights township,Union,2015,6.3,13339
Berkeley Heights township,Union,2020,6.3,13321
Berkeley township,Ocean,2015,54.2,41480
Berkeley township,Ocean,2020,54.2,41963
Berlin borough,Camden,2015,3.6,7618
Berlin borough,Camden,2020,3.6,7543
Berlin township,Camden,2015,3.3,5380
Berlin township,Camden,2020,3.3,5647
Bernards township,Somerset,2015,24.3,26983
Bernards township,Somerset,2020,24.3,27114
Bernardsville borough,Somerset,2015,12.9,7786
Bernardsville borough,Somerset,2020,12.9,7641
Bethlehem township,Hunterdon,2015,20.8,3922
Bethlehem township,Hunterdon,2020,20.8,3864
Beverly city,Burlington,2015,0.8,2569
Beverly city,Burlington,2020,0.8,2425
Blairstown township,Warren,2015,30.8,5850
Blairstown township,Warren,2020,30.8,5727
Bloomfield township,Essex,2015,5.4,47831
Bloomfield township,Essex,2020,5.4,49733
Bloomingdale borough,Passaic,2015,9.2,7933
Bloomingdale borough,Passaic,2020,9.2,8080
Bloomsbury borough,Hunterdon,2015,1.0,720
Bloomsbury borough,Hunterdon,2020,1.0,786
Bogota borough,Bergen,2015,0.8,8329
Bogota borough,Bergen,2020,0.8,8375
Boonton town,Morris,2015,2.5,8422
Boonton town,Morris,2020,2.5,8510
Boonton township,Morris,2015,8.5,4339
Boonton township,Morris,2020,8.5,4275
Bordentown city,Burlington,2015,1.0,3903
Bordentown city,Burlington,2020,1.0,3808
Bordentown township,Burlington,2015,9.3,11566
Bordentown township,Burlington,2020,9.3,12103
Bound Brook borough,Somerset,2015,1.7,10515
Bound Brook borough,Somerset,2020,1.7,10254
Bradley Beach borough,Monmouth,2015,0.6,4297
Bradley Beach borough,Monmouth,2020,0.6,4175
Branchburg township,Somerset,2015,20.3,14673
Branchburg township,Somerset,2020,20.3,14509
Branchville borough,Sussex,2015,0.6,889
Branchville borough,Sussex,2020,0.6,1054
Brick township,Ocean,2015,32.4,74991
Brick township,Ocean,2020,32.4,75793
Bridgeton city,Cumberland,2015,6.5,25201
Bridgeton city,Cumberland,2020,6.5,24264
Bridgewater township,Somerset,2015,32.4,45120
Bridgewater township,Somerset,2020,32.4,44379
Brielle borough,Monmouth,2015,2.3,4769
Brielle borough,Monmouth,2020,2.3,4683
Brigantine city,Atlantic,2015,10.7,9347
Brigantine city,Atlantic,2020,10.7,8725
Brooklawn borough,Camden,2015,0.5,1944
Brooklawn borough,Camden,2020,0.5,1888
Buena borough,Atlantic,2015,7.6,4566
Buena borough,Atlantic,2020,7.6,4323
Buena Vista township,Atlantic,2015,41.6,7558
Buena Vista township,Atlantic,2020,41.6,7269
Burlington city,Burlington,2015,3.8,9868
Burlington city,Burlington,2020,3.8,9845
Burlington township,Burlington,2015,14.1,22653
Burlington township,Burlington,2020,14.1,22600
Butler borough,Morris,2015,2.1,7659
Butler borough,Morris,2020,2.1,7669
Byram township,Sussex,2015,22.7,8175
Byram township,Sussex,2020,22.7,7944
Caldwell borough,Essex,2015,1.2,7902
Caldwell borough,Essex,2020,1.2,7970
Califon borough,Hunterdon,2015,1.0,1283
Califon borough,Hunterdon,2020,1.0,1184
Camden city,Camden,2015,10.5,76904
Camden city,Camden,2020,10.5,73742
Cape May city,Cape May,2015,2.9,3553
Cape May city,Cape May,2020,2.9,3446
Cape May Point borough,Cape May,2015,0.3,240
Cape May Point borough,Cape May,2020,0.3,165
Carlstadt borough,Bergen,2015,4.2,6225
Carlstadt borough,Bergen,2020,4.2,6158
Carneys Point township,Salem,2015,17.7,7919
Carneys Point township,Salem,2020,17.7,7722
Carteret borough,Middlesex,2015,4.5,23965
Carteret borough,Middlesex,2020,4.5,23501
Cedar Grove township,Essex,2015,4.4,12529
Cedar Grove township,Essex,2020,4.4,12593
Chatham borough,Morris,2015,2.4,9011
Chatham borough,Morris,2020,2.4,8729
Chatham township,Morris,2015,9.3,10569
Chatham township,Morris,2020,9.3,10216
Cherry Hill township,Camden,2015,24.2,70989
Cherry Hill township,Camden,2020,24.2,71237
Chesilhurst borough,Camden,2015,1.7,1662
Chesilhurst borough,Camden,2020,1.7,1440
Chester borough,Morris,2015,1.6,1612
Chester borough,Morris,2020,1.6,1514
Chester township,Morris,2015,29.2,7942
Chester township,Morris,2020,29.2,7734
Chesterfield township,Burlington,2015,21.5,7704
Chesterfield township,Burlington,2020,21.5,7484
Cinnaminson township,Burlington,2015,8.0,16441
Cinnaminson township,Burlington,2020,8.0,16429
City of Orange township,Essex,2015,2.2,30373
City of Orange township,Essex,2020,2.2,30570
Clark township,Union,2015,4.5,15144
Clark township,Union,2020,4.5,15847
Clayton borough,Gloucester,2015,7.3,8292
Clayton borough,Gloucester,2020,7.3,8688
Clementon borough,Camden,2015,2.0,4968
Clementon borough,Camden,2020,2.0,4939
Cliffside Park borough,Bergen,2015,1.0,24493
Cliffside Park borough,Bergen,2020,1.0,25410
Clifton city,Passaic,2015,11.4,85552
Clifton city,Passaic,2020,11.4,85201
Clinton town,Hunterdon,2015,1.4,2681
Clinton town,Hunterdon,2020,1.4,2699
Clinton township,Hunterdon,2015,33.9,13187
Clinton township,Hunterdon,2020,33.9,12909
Closter borough,Bergen,2015,3.3,8582
Closter borough,Bergen,2020,3.3,8551
Collingswood borough,Camden,2015,1.9,13925
Collingswood borough,Camden,2020,1.9,13882
Colts Neck township,Monmouth,2015,31.8,10075
Colts Neck township,Monmouth,2020,31.8,9863
Commercial township,Cumberland,2015,33.9,5143
Commercial township,Cumberland,2020,33.9,4936
Corbin City city,Atlantic,2015,9.0,482
Corbin City city,Atlantic,2020,9.0,704
Cranbury township,Middlesex,2015,13.4,3781
Cranbury township,Middlesex,2020,13.4,3912
Cranford township,Union,2015,4.9,23328
Cranford township,Union,2020,4.9,24036
Cresskill borough,Bergen,2015,2.1,8729
Cresskill borough,Bergen,2020,2.1,8701
Deal borough,Monmouth,2015,1.2,757
Deal borough,Monmouth,2020,1.2,528
Deerfield township,Cumberland,2015,16.9,3118
Deerfield township,Cumberland,2020,16.9,3028
Delanco township,Burlington,2015,3.3,4542
Delanco township,Burlington,2020,3.3,4448
Delaware township,Hunterdon,2015,37.0,4516
Delaware township,Hunterdon,2020,37.0,4443
Delran township,Burlington,2015,7.2,16856
Delran township,Burlington,2020,7.2,16502
Demarest borough,Bergen,2015,2.1,5004
Demarest borough,Bergen,2020,2.1,4911
Dennis township,Cape May,2015,63.8,6378
Dennis township,Cape May,2020,63.8,6168
Denville township,Morris,2015,12.7,16820
Denville township,Morris,2020,12.7,16536
Deptford township,Gloucester,2015,17.6,30538
Deptford township,Gloucester,2020,17.6,30433
Dover town,Morris,2015,2.7,18324
Dover town,Morris,2020,2.7,17866
Downe township,Cumberland,2015,53.2,1493
Downe township,Cumberland,2020,53.2,1183
Dumont borough,Bergen,2015,2.0,17820
Dumont borough,Bergen,2020,2.0,17598
Dunellen borough,Middlesex,2015,1.1,7368
Dunellen borough,Middlesex,2020,1.1,7215
Eagleswood township,Ocean,2015,18.9,1556
Eagleswood township,Ocean,2020,18.9,1558
East Amwell township,Hunterdon,2015,28.6,3957
East Amwell township,Hunterdon,2020,28.6,3877
East Brunswick township,Middlesex,2015,22.4,48426
East Brunswick township,Middlesex,2020,22.4,47928
East Greenwich township,Gloucester,2015,14.9,10193
East Greenwich township,Gloucester,2020,14.9,10619
East Hanover township,Morris,2015,8.1,11248
East Hanover township,Morris,2020,8.1,11009
East Newark borough,Hudson,2015,0.1,2577
East Newark borough,Hudson,2020,0.1,2634
East Orange city,Essex,2015,3.9,64578
East Orange city,Essex,2020,3.9,64650
East Rutherford borough,Bergen,2015,4.0,9076
East Rutherford borough,Bergen,2020,4.0,9707
East Windsor township,Mercer,2015,15.7,27501
East Windsor township,Mercer,2020,15.7,27275
Eastampton township,Burlington,2015,5.8,6032
Eastampton township,Burlington,2020,5.8,6015
Eatontown borough,Monmouth,2015,5.9,12298
Eatontown borough,Monmouth,2020,5.9,12195
Edgewater borough,Bergen,2015,1.0,11935
Edgewater borough,Bergen,2020,1.0,12890
Edgewater Park township,Burlington,2015,3.1,8848
Edgewater Park township,Burlington,2020,3.1,8670
Edison township,Middlesex,2015,30.6,101865
Edison township,Middlesex,2020,30.6,99876
Egg Harbor City city,Atlantic,2015,11.4,4246
Egg Harbor City city,Atlantic,2020,11.4,4072
Egg Harbor township,Atlantic,2015,75.5,43860
Egg Harbor township,Atlantic,2020,75.5,42460
Elizabeth city,Union,2015,13.9,127759
Elizabeth city,Union,2020,13.9,128484
Elk township,Gloucester,2015,19.3,4180
Elk township,Gloucester,2020,19.3,4163
Elmer borough,Salem,2015,0.9,1460
Elmer borough,Salem,2020,0.9,1333
Elmwood Park borough,Bergen,2015,2.7,19959
Elmwood Park borough,Bergen,2020,2.7,20019
Elsinboro township,Salem,2015,13.2,1040
Elsinboro township,Salem,2020,13.2,931
Emerson borough,Bergen,2015,2.4,7616
Emerson borough,Bergen,2020,2.4,7606
Englewood city,Bergen,2015,4.9,27992
Englewood city,Bergen,2020,4.9,28390
Englewood Cliffs borough,Bergen,2015,2.1,5369
Englewood Cliffs borough,Bergen,2020,2.1,5349
Englishtown borough,Monmouth,2015,0.6,2186
Englishtown borough,Monmouth,2020,0.6,1999
Essex Fells borough,Essex,2015,1.4,2153
Essex Fells borough,Essex,2020,1.4,2037
Estell Manor city,Atlantic,2015,55.2,1728
Estell Manor city,Atlantic,2020,55.2,1682
Evesham township,Burlington,2015,29.6,45664
Evesham township,Burlington,2020,29.6,45138
Ewing township,Mercer,2015,15.6,36379
Ewing township,Mercer,2020,15.6,36150
Fair Haven borough,Monmouth,2015,2.1,6075
Fair Haven borough,Monmouth,2020,2.1,5833
Fair Lawn borough,Bergen,2015,5.2,33164
Fair Lawn borough,Bergen,2020,5.2,32986
Fairfield township,Cumberland,2015,43.5,6476
Fairfield township,Cumberland,2020,43.5,5975
Fairfield township,Essex,2015,10.3,7556
Fairfield township,Essex,2020,10.3,7563
Fairview borough,Bergen,2015,0.8,14233
Fairview borough,Bergen,2020,0.8,14218
Fanwood borough,Union,2015,1.3,7479
Fanwood borough,Union,2020,1.3,7686
Far Hills borough,Somerset,2015,4.9,1052
Far Hills borough,Somerset,2020,4.9,915
Farmingdale borough,Monmouth,2015,0.5,1434
Farmingdale borough,Monmouth,2020,0.5,1307
Fieldsboro borough,Burlington,2015,0.4,624
Fieldsboro borough,Burlington,2020,0.4,761
Flemington borough,Hunterdon,2015,1.1,4676
Flemington borough,Hunterdon,2020,1.1,4601
Florence township,Burlington,2015,10.2,12586
Florence township,Burlington,2020,10.2,12535
Florham Park borough,Morris,2015,7.5,11802
Florham Park borough,Morris,2020,7.5,11719
Folsom borough,Atlantic,2015,8.5,1891
Folsom borough,Atlantic,2020,8.5,1610
Fort Lee borough,Bergen,2015,2.5,36251
Fort Lee borough,Bergen,2020,2.5,37843
Frankford township,Sussex,2015,35.3,5490
Frankford township,Sussex,2020,35.3,5312
Franklin borough,Sussex,2015,4.4,4944
Franklin borough,Sussex,2020,4.4,4737
Franklin Lakes borough,Bergen,2015,9.9,10799
Franklin Lakes borough,Bergen,2020,9.9,11044
Franklin township,Gloucester,2015,56.4,16698
Franklin township,Gloucester,2020,56.4,16415
Franklin township,Hunterdon,2015,23.2,3235
Franklin township,Hunterdon,2020,23.2,3404
Franklin township,Somerset,2015,46.9,64779
Franklin township,Somerset,2020,46.9,65773
Franklin township,Warren,2015,23.5,3118
Franklin township,Warren,2020,23.5,3038
Fredon township,Sussex,2015,17.9,3315
Fredon township,Sussex,2020,17.9,3172
Freehold borough,Monmouth,2015,1.9,11978
Freehold borough,Monmouth,2020,1.9,11755
Freehold township,Monmouth,2015,38.9,35936
Freehold township,Monmouth,2020,38.9,34814
Frelinghuysen township,Warren,2015,23.9,2479
Frelinghuysen township,Warren,2020,23.9,2085
Frenchtown borough,Hunterdon,2015,1.2,1444
Frenchtown borough,Hunterdon,2020,1.2,1366
Galloway township,Atlantic,2015,111.3,37431
Galloway township,Atlantic,2020,111.3,35816
Garfield city,Bergen,2015,2.2,31265
Garfield city,Bergen,2020,2.2,31722
Garwood borough,Union,2015,0.6,4306
Garwood borough,Union,2020,0.6,4341
Gibbsboro borough,Camden,2015,2.2,2236
Gibbsboro borough,Camden,2020,2.2,2238
Glassboro borough,Gloucester,2015,9.4,18958
Glassboro borough,Gloucester,2020,9.4,20069
Glen Gardner borough,Hunterdon,2015,1.5,1560
Glen Gardner borough,Hunterdon,2020,1.5,1554
Glen Ridge borough,Essex,2015,1.3,7607
Glen Ridge borough,Essex,2020,1.3,7583
Glen Rock borough,Bergen,2015,2.7,11859
Glen Rock borough,Bergen,2020,2.7,11747
Gloucester City city,Camden,2015,2.8,11386
Gloucester City city,Camden,2020,2.8,11229
Gloucester township,Camden,2015,23.3,64219
Gloucester township,Camden,2020,23.3,63777
Green Brook township,Somerset,2015,4.4,7155
Green Brook township,Somerset,2020,4.4,6927
Green township,Sussex,2015,16.3,3539
Green township,Sussex,2020,16.3,3482
Greenwich township,Cumberland,2015,18.5,960
Greenwich township,Cumberland,2020,18.5,457
Greenwich township,Gloucester,2015,11.7,4869
Greenwich township,Gloucester,2020,11.7,4816
Greenwich township,Warren,2015,10.6,5580
Greenwich township,Warren,2020,10.6,5473
Guttenberg town,Hudson,2015,0.2,11595
Guttenberg town,Hudson,2020,0.2,11284
Hackensack city,Bergen,2015,4.3,44035
Hackensack city,Bergen,2020,4.3,44266
Hackettstown town,Warren,2015,3.7,9579
Hackettstown town,Warren,2020,3.7,9440
Haddon Heights borough,Camden,2015,1.6,7497
Haddon Heights borough,Camden,2020,1.6,7520
Haddon township,Camden,2015,2.8,14592
Haddon township,Camden,2020,2.8,14562
Haddonfield borough,Camden,2015,2.8,11474
Haddonfield borough,Camden,2020,2.8,11342
Hainesport township,Burlington,2015,6.8,6097
Hainesport township,Burlington,2020,6.8,6009
Haledon borough,Passaic,2015,1.2,8412
Haledon borough,Passaic,2020,1.2,8298
Hamburg borough,Sussex,2015,1.2,3209
Hamburg borough,Sussex,2020,1.2,3149
Hamilton township,Atlantic,2015,112.9,26861
Hamilton township,Atlantic,2020,112.9,25856
Hamilton township,Mercer,2015,40.3,89055
Hamilton township,Mercer,2020,40.3,87258
Hammonton town,Atlantic,2015,41.3,14735
Hammonton town,Atlantic,2020,41.3,14046
Hampton borough,Hunterdon,2015,1.5,1213
Hampton borough,Hunterdon,2020,1.5,1182
Hampton township,Sussex,2015,25.5,5056
Hampton township,Sussex,2020,25.5,4865
Hanover township,Morris,2015,10.7,14174
Hanover township,Morris,2020,10.7,14371
Harding township,Morris,2015,20.6,3895
Harding township,Morris,2020,20.6,3794
Hardwick township,Warren,2015,39.0,1460
Hardwick township,Warren,2020,39.0,1519
Hardyston township,Sussex,2015,32.6,8098
Hardyston township,Sussex,2020,32.6,7815
Harmony township,Warren,2015,24.1,2592
Harmony township,Warren,2020,24.1,2703
Harrington Park borough,Bergen,2015,2.1,4764
Harrington Park borough,Bergen,2020,2.1,4735
Harrison town,Hudson,2015,1.3,14629
Harrison town,Hudson,2020,1.3,18313
Harrison township,Gloucester,2015,19.0,12742
Harrison township,Gloucester,2020,19.0,13049
Harvey Cedars borough,Ocean,2015,1.3,416
Harvey Cedars borough,Ocean,2020,1.3,452
Hasbrouck Heights borough,Bergen,2015,1.5,12100
Hasbrouck Heights borough,Bergen,2020,1.5,12026
Haworth borough,Bergen,2015,2.3,3451
Haworth borough,Bergen,2020,2.3,3400
Hawthorne borough,Passaic,2015,3.4,18989
Hawthorne borough,Passaic,2020,3.4,18762
Hazlet township,Monmouth,2015,5.7,20185
Hazlet township,Monmouth,2020,5.7,19793
Helmetta borough,Middlesex,2015,0.9,2350
Helmetta borough,Middlesex,2020,0.9,2232
High Bridge borough,Hunterdon,2015,2.4,3581
High Bridge borough,Hunterdon,2020,2.4,3460
Highland Park borough,Middlesex,2015,1.8,14263
Highland Park borough,Middlesex,2020,1.8,13803
Highlands borough,Monmouth,2015,0.9,4947
Highlands borough,Monmouth,2020,0.9,4746
Hightstown borough,Mercer,2015,1.3,5529
Hightstown borough,Mercer,2020,1.3,5334
Hillsborough township,Somerset,2015,55.1,39378
Hillsborough township,Somerset,2020,55.1,39760
Hillsdale borough,Bergen,2015,2.9,10452
Hillsdale borough,Bergen,2020,2.9,10317
Hillside township,Union,2015,2.8,21779
Hillside township,Union,2020,2.8,21955
Hi-Nella borough,Camden,2015,0.2,831
Hi-Nella borough,Camden,2020,0.2,1018
Hoboken city,Hudson,2015,1.2,52452
Hoboken city,Hudson,2020,1.2,53283
Ho-Ho-Kus borough,Bergen,2015,1.8,4132
Ho-Ho-Kus borough,Bergen,2020,1.8,4096
Holland township,Hunterdon,2015,23.9,5195
Holland township,Hunterdon,2020,23.9,5115
Holmdel township,Monmouth,2015,18.1,16684
Holmdel township,Monmouth,2020,18.1,16652
Hopatcong borough,Sussex,2015,12.4,14802
Hopatcong borough,Sussex,2020,12.4,14228
Hope township,Warren,2015,18.3,1882
Hope township,Warren,2020,18.3,1897
Hopewell borough,Mercer,2015,0.7,1845
Hopewell borough,Mercer,2020,0.7,1857
Hopewell township,Cumberland,2015,30.9,4505
Hopewell township,Cumberland,2020,30.9,4354
Hopewell township,Mercer,2015,58.9,18414
Hopewell township,Mercer,2020,58.9,17967
Howell township,Monmouth,2015,61.2,51597
Howell township,Monmouth,2020,61.2,52053
Independence township,Warren,2015,20.0,5555
Independence township,Warren,2020,20.0,5438
Interlaken borough,Monmouth,2015,0.4,795
Interlaken borough,Monmouth,2020,0.4,747
Irvington township,Essex,2015,2.9,54320
Irvington township,Essex,2020,2.9,54220
Island Heights borough,Ocean,2015,0.9,1640
Island Heights borough,Ocean,2020,0.9,1480
Jackson township,Ocean,2015,100.6,55851
Jackson township,Ocean,2020,100.6,57389
Jamesburg borough,Middlesex,2015,0.9,5978
Jamesburg borough,Middlesex,2020,0.9,5876
Jefferson township,Morris,2015,42.7,21465
Jefferson township,Morris,2020,42.7,20912
Jersey City city,Hudson,2015,15.9,259651
Jersey City city,Hudson,2020,15.9,262652
Keansburg borough,Monmouth,2015,1.2,9967
Keansburg borough,Monmouth,2020,1.2,9697
Kearny town,Hudson,2015,10.2,41866
Kearny town,Hudson,2020,10.2,41190
Kenilworth borough,Union,2015,2.2,8104
Kenilworth borough,Union,2020,2.2,8182
Keyport borough,Monmouth,2015,1.4,7195
Keyport borough,Monmouth,2020,1.4,7005
Kingwood township,Hunterdon,2015,35.6,3800
Kingwood township,Hunterdon,2020,35.6,3749
Kinnelon borough,Morris,2015,19.2,10372
Kinnelon borough,Morris,2020,19.2,9988
Knowlton township,Warren,2015,25.4,2997
Knowlton township,Warren,2020,25.4,2941
Lacey township,Ocean,2015,99.7,28105
Lacey township,Ocean,2020,99.7,29076
Lafayette township,Sussex,2015,18.0,2350
Lafayette township,Sussex,2020,18.0,2238
Lake Como borough,Monmouth,2015,0.3,1489
Lake Como borough,Monmouth,2020,0.3,1655
Lakehurst borough,Ocean,2015,1.0,2669
Lakehurst borough,Ocean,2020,1.0,2707
Lakewood township,Ocean,2015,25.1,96575
Lakewood township,Ocean,2020,25.1,104186
Lambertville city,Hunterdon,2015,1.2,3851
Lambertville city,Hunterdon,2020,1.2,3809
Laurel Springs borough,Camden,2015,0.5,1923
Laurel Springs borough,Camden,2020,0.5,1908
Lavallette borough,Ocean,2015,1.0,2108
Lavallette borough,Ocean,2020,1.0,2171
Lawnside borough,Camden,2015,1.4,2926
Lawnside borough,Camden,2020,1.4,2883
Lawrence township,Cumberland,2015,38.3,3253
Lawrence township,Cumberland,2020,38.3,3099
Lawrence township,Mercer,2015,22.0,33357
Lawrence township,Mercer,2020,22.0,32551
Lebanon borough,Hunterdon,2015,0.9,1836
Lebanon borough,Hunterdon,2020,0.9,2040
Lebanon township,Hunterdon,2015,31.7,6448
Lebanon township,Hunterdon,2020,31.7,6106
Leonia borough,Bergen,2015,1.6,9129
Leonia borough,Bergen,2020,1.6,9059
Liberty township,Warren,2015,11.9,2878
Liberty township,Warren,2020,11.9,2826
Lincoln Park borough,Morris,2015,6.9,10478
Lincoln Park borough,Morris,2020,6.9,10220
Linden city,Union,2015,11.1,41322
Linden city,Union,2020,11.1,42332
Lindenwold borough,Camden,2015,3.9,17492
Lindenwold borough,Camden,2020,3.9,17288
Linwood city,Atlantic,2015,4.4,7036
Linwood city,Atlantic,2020,4.4,6719
Little Egg Harbor township,Ocean,2015,74.0,20383
Little Egg Harbor township,Ocean,2020,74.0,21418
Little Falls township,Passaic,2015,2.9,14551
Little Falls township,Passaic,2020,2.9,14487
Little Ferry borough,Bergen,2015,1.7,10856
Little Ferry borough,Bergen,2020,1.7,10761
Little Silver borough,Monmouth,2015,3.2,5937
Little Silver borough,Monmouth,2020,3.2,5817
Livingston township,Essex,2015,14.1,29674
Livingston township,Essex,2020,14.1,30059
Loch Arbour village,Monmouth,2015,0.1,189
Loch Arbour village,Monmouth,2020,0.1,217
Lodi borough,Bergen,2015,2.3,24590
Lodi borough,Bergen,2020,2.3,24389
Logan township,Gloucester,2015,26.3,6008
Logan township,Gloucester,2020,26.3,5907
Long Beach township,Ocean,2015,23.5,3028
Long Beach township,Ocean,2020,23.5,3074
Long Branch city,Monmouth,2015,5.5,30721
Long Branch city,Monmouth,2020,5.5,30424
Long Hill township,Morris,2015,12.1,8770
Long Hill township,Morris,2020,12.1,8519
Longport borough,Atlantic,2015,0.6,999
Longport borough,Atlantic,2020,0.6,803
Lopatcong township,Warren,2015,7.4,8183
Lopatcong township,Warren,2020,7.4,8354
Lower Alloways Creek township,Salem,2015,47.9,1649
Lower Alloways Creek township,Salem,2020,47.9,1729
Lower township,Cape May,2015,31.0,22393
Lower township,Cape May,2020,31.0,21515
Lumberton township,Burlington,2015,13.0,12486
Lumberton township,Burlington,2020,13.0,12228
Lyndhurst township,Bergen,2015,5.0,21318
Lyndhurst township,Bergen,2020,5.0,22453
Madison borough,Morris,2015,4.3,16091
Madison borough,Morris,2020,4.3,16647
Magnolia borough,Camden,2015,1.0,4314
Magnolia borough,Camden,2020,1.0,4280
Mahwah township,Bergen,2015,25.9,26368
Mahwah township,Bergen,2020,25.9,26225
Manalapan township,Monmouth,2015,30.9,39778
Manalapan township,Monmouth,2020,30.9,39577
Manasquan borough,Monmouth,2015,1.6,5830
Manasquan borough,Monmouth,2020,1.6,5837
Manchester township,Ocean,2015,82.4,43251
Manchester township,Ocean,2020,82.4,43649
Mannington township,Salem,2015,37.9,1775
Mannington township,Salem,2020,37.9,1854
Mansfield township,Burlington,2015,21.9,8571
Mansfield township,Burlington,2020,21.9,8543
Mansfield township,Warren,2015,29.7,7552
Mansfield township,Warren,2020,29.7,7382
Mantoloking borough,Ocean,2015,0.6,340
Mantoloking borough,Ocean,2020,0.6,474
Mantua township,Gloucester,2015,16.1,15113
Mantua township,Gloucester,2020,16.1,14909
Manville borough,Somerset,2015,2.4,10454
Manville borough,Somerset,2020,2.4,10193
Maple Shade township,Burlington,2015,3.8,19042
Maple Shade township,Burlington,2020,3.8,18590
Maplewood township,Essex,2015,3.9,24303
Maplewood township,Essex,2020,3.9,25135
Margate City city,Atlantic,2015,1.6,6304
Margate City city,Atlantic,2020,1.6,5921
Marlboro township,Monmouth,2015,30.4,40603
Marlboro township,Monmouth,2020,30.4,39877
Matawan borough,Monmouth,2015,2.4,8887
Matawan borough,Monmouth,2020,2.4,8696
Maurice River township,Cumberland,2015,95.2,7905
Maurice River township,Cumberland,2020,95.2,7157
Maywood borough,Bergen,2015,1.3,9694
Maywood borough,Bergen,2020,1.3,9626
Medford Lakes borough,Burlington,2015,1.3,4124
Medford Lakes borough,Burlington,2020,1.3,3961
Medford township,Burlington,2015,39.8,23274
Medford township,Burlington,2020,39.8,23346
Mendham borough,Morris,2015,6.0,5016
Mendham borough,Morris,2020,6.0,4880
Mendham township,Morris,2015,18.0,5885
Mendham township,Morris,2020,18.0,5722
Merchantville borough,Camden,2015,0.6,3793
Merchantville borough,Camden,2020,0.6,3702
Metuchen borough,Middlesex,2015,2.8,13765
Metuchen borough,Middlesex,2020,2.8,14289
Middle township,Cape May,2015,82.7,18813
Middle township,Cape May,2020,82.7,18400
Middlesex borough,Middlesex,2015,3.5,13831
Middlesex borough,Middlesex,2020,3.5,13606
Middletown township,Monmouth,2015,43.5,66291
Middletown township,Monmouth,2020,43.5,65316
Midland Park borough,Bergen,2015,1.6,7269
Midland Park borough,Bergen,2020,1.6,7230
Milford borough,Hunterdon,2015,1.3,1123
Milford borough,Hunterdon,2020,1.3,1285
Millburn township,Essex,2015,9.9,20183
Millburn township,Essex,2020,9.9,20174
Millstone borough,Somerset,2015,0.7,487
Millstone borough,Somerset,2020,0.7,573
Millstone township,Monmouth,2015,37.2,10509
Millstone township,Monmouth,2020,37.2,10418
Milltown borough,Middlesex,2015,1.6,6989
Milltown borough,Middlesex,2020,1.6,6973
Millville city,Cumberland,2015,44.5,28515
Millville city,Cumberland,2020,44.5,27485
Mine Hill township,Morris,2015,3.0,3649
Mine Hill township,Morris,2020,3.0,3511
Monmouth Beach borough,Monmouth,2015,2.0,3258
Monmouth Beach borough,Monmouth,2020,2.0,3226
Monroe township,Gloucester ,2015,46.9,36665
Monroe township,Gloucester ,2020,46.9,36861
Monroe township,Middlesex,2015,42.2,42137
Monroe township,Middlesex,2020,42.2,44615
Montague township,Sussex,2015,46.6,3811
Montague township,Sussex,2020,46.6,3666
Montclair township,Essex,2015,6.2,38021
Montclair township,Essex,2020,6.2,38634
Montgomery township,Somerset,2015,32.5,22693
Montgomery township,Somerset,2020,32.5,23128
Montvale borough,Bergen,2015,4.0,8199
Montvale borough,Bergen,2020,4.0,8538
Montville township,Morris,2015,19.1,21760
Montville township,Morris,2020,19.1,21253
Moonachie borough,Bergen,2015,1.7,2753
Moonachie borough,Bergen,2020,1.7,2714
Moorestown township,Burlington,2015,15.0,20650
Moorestown township,Burlington,2020,15.0,20474
Morris Plains borough,Morris,2015,2.6,5598
Morris Plains borough,Morris,2020,2.6,5888
Morris township,Morris,2015,15.8,22585
Morris township,Morris,2020,15.8,22275
Morristown town,Morris,2015,3.0,18563
Morristown town,Morris,2020,3.0,19065
Mount Arlington borough,Morris,2015,2.8,5187
Mount Arlington borough,Morris,2020,2.8,5751
Mount Ephraim borough,Camden,2015,0.9,4646
Mount Ephraim borough,Camden,2020,0.9,4591
Mount Holly township,Burlington,2015,2.9,9410
Mount Holly township,Burlington,2020,2.9,9562
Mount Laurel township,Burlington,2015,22.0,41870
Mount Laurel township,Burlington,2020,22.0,41443
Mount Olive township,Morris,2015,31.2,28682
Mount Olive township,Morris,2020,31.2,28913
Mountain Lakes borough,Morris,2015,2.9,4262
Mountain Lakes borough,Morris,2020,2.9,4249
Mountainside borough,Union,2015,4.0,6832
Mountainside borough,Union,2020,4.0,6859
Mullica township,Atlantic,2015,56.8,6156
Mullica township,Atlantic,2020,56.8,5894
National Park borough,Gloucester,2015,1.4,3005
National Park borough,Gloucester,2020,1.4,2964
Neptune City borough,Monmouth,2015,0.9,4834
Neptune City borough,Monmouth,2020,0.9,4654
Neptune township,Monmouth,2015,8.8,27675
Neptune township,Monmouth,2020,8.8,27547
Netcong borough,Morris,2015,1.0,3258
Netcong borough,Morris,2020,1.0,3167
New Brunswick city,Middlesex,2015,5.8,56338
New Brunswick city,Middlesex,2020,5.8,55992
New Hanover township,Burlington,2015,22.6,7961
New Hanover township,Burlington,2020,22.6,8101
New Milford borough,Bergen,2015,2.3,16640
New Milford borough,Bergen,2020,2.3,16477
New Providence borough,Union,2015,3.7,12355
New Providence borough,Union,2020,3.7,13382
Newark city,Essex,2015,26.2,279793
Newark city,Essex,2020,26.2,281917
Newfield borough,Gloucester,2015,1.7,1616
Newfield borough,Gloucester,2020,1.7,1502
Newton town,Sussex,2015,3.4,8036
Newton town,Sussex,2020,3.4,7935
North Arlington borough,Bergen,2015,2.5,15734
North Arlington borough,Bergen,2020,2.5,15681
North Bergen township,Hudson,2015,5.3,62570
North Bergen township,Hudson,2020,5.3,61181
North Brunswick township,Middlesex,2015,12.3,42268
North Brunswick township,Middlesex,2020,12.3,41569
North Caldwell borough,Essex,2015,3.1,6415
North Caldwell borough,Essex,2020,3.1,6640
North Haledon borough,Passaic,2015,3.5,8507
North Haledon borough,Passaic,2020,3.5,8425
North Hanover township,Burlington,2015,17.5,7659
North Hanover township,Burlington,2020,17.5,7513
North Plainfield borough,Somerset,2015,2.8,22156
North Plainfield borough,Somerset,2020,2.8,21445
North Wildwood city,Cape May,2015,2.5,3957
North Wildwood city,Cape May,2020,2.5,3794
Northfield city,Atlantic,2015,3.6,8597
Northfield city,Atlantic,2020,3.6,8088
Northvale borough,Bergen,2015,1.3,4763
Northvale borough,Bergen,2020,1.3,4911
Norwood borough,Bergen,2015,2.8,5823
Norwood borough,Bergen,2020,2.8,5789
Nutley township,Essex,2015,3.4,28596
Nutley township,Essex,2020,3.4,28527
Oakland borough,Bergen,2015,8.8,13003
Oakland borough,Bergen,2020,8.8,12953
Oaklyn borough,Camden,2015,0.7,4004
Oaklyn borough,Camden,2020,0.7,3961
Ocean City city,Cape May,2015,11.8,11470
Ocean City city,Cape May,2020,11.8,11065
Ocean Gate borough,Ocean,2015,0.5,2105
Ocean Gate borough,Ocean,2020,0.5,1488
Ocean township,Monmouth,2015,11.0,27153
Ocean township,Monmouth,2020,11.0,26700
Ocean township,Ocean,2015,31.6,8628
Ocean township,Ocean,2020,31.6,9071
Oceanport borough,Monmouth,2015,4.1,5800
Oceanport borough,Monmouth,2020,4.1,5715
Ogdensburg borough,Sussex,2015,2.2,2432
Ogdensburg borough,Sussex,2020,2.2,2164
Old Bridge township,Middlesex,2015,38.7,66594
Old Bridge township,Middlesex,2020,38.7,65657
Old Tappan borough,Bergen,2015,4.2,5922
Old Tappan borough,Bergen,2020,4.2,5924
Oldmans township,Salem,2015,20.0,1799
Oldmans township,Salem,2020,20.0,1762
Oradell borough,Bergen,2015,2.6,8146
Oradell borough,Bergen,2020,2.6,8126
Oxford township,Warren,2015,6.1,2478
Oxford township,Warren,2020,6.1,2508
Palisades Park borough,Bergen,2015,1.3,20364
Palisades Park borough,Bergen,2020,1.3,20693
Palmyra borough,Burlington,2015,2.6,7356
Palmyra borough,Burlington,2020,2.6,7162
Paramus borough,Bergen,2015,10.5,26760
Paramus borough,Bergen,2020,10.5,26403
Park Ridge borough,Bergen,2015,2.6,8820
Park Ridge borough,Bergen,2020,2.6,8721
Parsippany-Troy Hills township,Morris,2015,25.3,53651
Parsippany-Troy Hills township,Morris,2020,25.3,52048
Passaic city,Passaic,2015,3.2,70618
Passaic city,Passaic,2020,3.2,69789
Paterson city,Passaic,2015,8.7,146987
Paterson city,Passaic,2020,8.7,145484
Paulsboro borough,Gloucester,2015,2.6,6025
Paulsboro borough,Gloucester,2020,2.6,5881
Peapack and Gladstone borough,Somerset,2015,5.8,2588
Peapack and Gladstone borough,Somerset,2020,5.8,2582
Pemberton borough,Burlington,2015,0.6,1485
Pemberton borough,Burlington,2020,0.6,1494
Pemberton township,Burlington,2015,62.8,27884
Pemberton township,Burlington,2020,62.8,27082
Pennington borough,Mercer,2015,1.0,2599
Pennington borough,Mercer,2020,1.0,2553
Penns Grove borough,Salem,2015,0.9,5032
Penns Grove borough,Salem,2020,0.9,4793
Pennsauken township,Camden,2015,12.1,35711
Pennsauken township,Camden,2020,12.1,35704
Pennsville township,Salem,2015,24.8,13057
Pennsville township,Salem,2020,24.8,12505
Pequannock township,Morris,2015,7.1,15550
Pequannock township,Morris,2020,7.1,15102
Perth Amboy city,Middlesex,2015,5.2,52179
Perth Amboy city,Middlesex,2020,5.2,51589
Phillipsburg town,Warren,2015,3.3,14608
Phillipsburg town,Warren,2020,3.3,14303
Pilesgrove township,Salem,2015,35.1,4125
Pilesgrove township,Salem,2020,35.1,4002
Pine Beach borough,Ocean,2015,0.7,2175
Pine Beach borough,Ocean,2020,0.7,2361
Pine Hill borough,Camden,2015,4.0,10419
Pine Hill borough,Camden,2020,4.0,10418
Pine Valley borough,Camden,2015,1.0,3
Pine Valley borough,Camden,2020,1.0,11
Piscataway township,Middlesex,2015,19.0,57348
Piscataway township,Middlesex,2020,19.0,56948
Pitman borough,Gloucester,2015,2.3,8932
Pitman borough,Gloucester,2020,2.3,8785
Pittsgrove township,Salem,2015,45.7,9201
Pittsgrove township,Salem,2020,45.7,8850
Plainfield city,Union,2015,6.0,50678
Plainfield city,Union,2020,6.0,50252
Plainsboro township,Middlesex,2015,12.1,23420
Plainsboro township,Middlesex,2020,12.1,22928
Pleasantville city,Atlantic,2015,7.3,20518
Pleasantville city,Atlantic,2020,7.3,20226
Plumsted township,Ocean,2015,39.5,8465
Plumsted township,Ocean,2020,39.5,8550
Pohatcong township,Warren,2015,13.7,3279
Pohatcong township,Warren,2020,13.7,3196
Point Pleasant Beach borough,Ocean,2015,1.9,4604
Point Pleasant Beach borough,Ocean,2020,1.9,4548
Point Pleasant borough,Ocean,2015,4.2,18426
Point Pleasant borough,Ocean,2020,4.2,18686
Pompton Lakes borough,Passaic,2015,3.1,11179
Pompton Lakes borough,Passaic,2020,3.1,10998
Port Republic city,Atlantic,2015,8.6,996
Port Republic city,Atlantic,2020,8.6,1127
Princeton,Mercer,2015,18.4,28936
Princeton,Mercer,2020,18.4,31161
Prospect Park borough,Passaic,2015,0.5,5924
Prospect Park borough,Passaic,2020,0.5,5853
Quinton township,Salem,2015,24.3,2613
Quinton township,Salem,2020,24.3,2346
Rahway city,Union,2015,4.0,28644
Rahway city,Union,2020,4.0,29691
Ramsey borough,Bergen,2015,5.6,14889
Ramsey borough,Bergen,2020,5.6,14915
Randolph township,Morris,2015,21.2,25917
Randolph township,Morris,2020,21.2,25496
Raritan borough,Somerset,2015,2.0,7328
Raritan borough,Somerset,2020,2.0,7833
Raritan township,Hunterdon,2015,37.6,22048
Raritan township,Hunterdon,2020,37.6,22252
Readington township,Hunterdon,2015,47.8,15974
Readington township,Hunterdon,2020,47.8,15889
Red Bank borough,Monmouth,2015,2.2,12238
Red Bank borough,Monmouth,2020,2.2,12039
Ridgefield borough,Bergen,2015,2.9,11256
Ridgefield borough,Bergen,2020,2.9,11209
Ridgefield Park village,Bergen,2015,1.9,12969
Ridgefield Park village,Bergen,2020,1.9,12928
Ridgewood village,Bergen,2015,5.8,25370
Ridgewood village,Bergen,2020,5.8,25110
Ringwood borough,Passaic,2015,28.5,12387
Ringwood borough,Passaic,2020,28.5,12229
River Edge borough,Bergen,2015,1.9,11566
River Edge borough,Bergen,2020,1.9,11510
River Vale township,Bergen,2015,4.3,9883
River Vale township,Bergen,2020,4.3,10002
Riverdale borough,Morris,2015,2.1,4154
Riverdale borough,Morris,2020,2.1,4179
Riverside township,Burlington,2015,1.6,8044
Riverside township,Burlington,2020,1.6,7860
Riverton borough,Burlington,2015,0.9,2766
Riverton borough,Burlington,2020,0.9,2691
Robbinsville township,Mercer,2015,20.6,14093
Robbinsville township,Mercer,2020,20.6,14518
Rochelle Park township,Bergen,2015,1.0,5624
Rochelle Park township,Bergen,2020,1.0,5580
Rockaway borough,Morris,2015,2.1,6490
Rockaway borough,Morris,2020,2.1,6345
Rockaway township,Morris,2015,45.9,24546
Rockaway township,Morris,2020,45.9,25395
Rockleigh borough,Bergen,2015,1.0,576
Rockleigh borough,Bergen,2020,1.0,650
Rocky Hill borough,Somerset,2015,0.6,615
Rocky Hill borough,Somerset,2020,0.6,655
Roosevelt borough,Monmouth,2015,1.9,800
Roosevelt borough,Monmouth,2020,1.9,913
Roseland borough,Essex,2015,3.6,5853
Roseland borough,Essex,2020,3.6,5841
Roselle borough,Union,2015,2.6,21466
Roselle borough,Union,2020,2.6,21699
Roselle Park borough,Union,2015,1.2,13555
Roselle Park borough,Union,2020,1.2,13574
Roxbury township,Morris,2015,21.9,23517
Roxbury township,Morris,2020,21.9,22882
Rumson borough,Monmouth,2015,7.1,6993
Rumson borough,Monmouth,2020,7.1,6757
Runnemede borough,Camden,2015,2.1,8414
Runnemede borough,Camden,2020,2.1,8307
Rutherford borough,Bergen,2015,2.9,18434
Rutherford borough,Bergen,2020,2.9,18376
Saddle Brook township,Bergen,2015,2.7,13954
Saddle Brook township,Bergen,2020,2.7,13762
Saddle River borough,Bergen,2015,5.0,3229
Saddle River borough,Bergen,2020,5.0,3180
Salem city,Salem,2015,2.8,4997
Salem city,Salem,2020,2.8,4761
Sandyston township,Sussex,2015,42.1,1939
Sandyston township,Sussex,2020,42.1,1893
Sayreville borough,Middlesex,2015,17.6,44051
Sayreville borough,Middlesex,2020,17.6,44243
Scotch Plains township,Union,2015,9.1,23954
Scotch Plains township,Union,2020,9.1,24221
Sea Bright borough,Monmouth,2015,1.2,1387
Sea Bright borough,Monmouth,2020,1.2,1293
Sea Girt borough,Monmouth,2015,1.1,1683
Sea Girt borough,Monmouth,2020,1.1,1725
Sea Isle City city,Cape May,2015,2.8,1788
Sea Isle City city,Cape May,2020,2.8,2122
Seaside Heights borough,Ocean,2015,0.7,2885
Seaside Heights borough,Ocean,2020,0.7,2917
Seaside Park borough,Ocean,2015,1.1,1543
Seaside Park borough,Ocean,2020,1.1,1752
Secaucus town,Hudson,2015,6.6,18170
Secaucus town,Hudson,2020,6.6,20667
Shamong township,Burlington,2015,45.0,6447
Shamong township,Burlington,2020,45.0,6385
Shiloh borough,Cumberland,2015,1.2,492
Shiloh borough,Cumberland,2020,1.2,368
Ship Bottom borough,Ocean,2015,1.0,914
Ship Bottom borough,Ocean,2020,1.0,1074
Shrewsbury borough,Monmouth,2015,2.2,3923
Shrewsbury borough,Monmouth,2020,2.2,4082
Shrewsbury township,Monmouth,2015,0.1,1181
Shrewsbury township,Monmouth,2020,0.1,1309
Somerdale borough,Camden,2015,1.4,5298
Somerdale borough,Camden,2020,1.4,5479
Somers Point city,Atlantic,2015,5.0,10776
Somers Point city,Atlantic,2020,5.0,10250
Somerville borough,Somerset,2015,2.3,12212
Somerville borough,Somerset,2020,2.3,12139
South Amboy city,Middlesex,2015,2.0,8787
South Amboy city,Middlesex,2020,2.0,8868
South Bound Brook borough,Somerset,2015,0.7,4612
South Bound Brook borough,Somerset,2020,0.7,4541
South Brunswick township,Middlesex,2015,41.0,44875
South Brunswick township,Middlesex,2020,41.0,45517
South Hackensack township,Bergen,2015,0.7,2705
South Hackensack township,Bergen,2020,0.7,2670
South Harrison township,Gloucester,2015,16.0,3161
South Harrison township,Gloucester,2020,16.0,3143
South Orange Village township,Essex,2015,2.8,16305
South Orange Village township,Essex,2020,2.8,16634
South Plainfield borough,Middlesex,2015,8.3,23871
South Plainfield borough,Middlesex,2020,8.3,23961
South River borough,Middlesex,2015,2.9,16274
South River borough,Middlesex,2020,2.9,15874
South Toms River borough,Ocean,2015,1.2,3706
South Toms River borough,Ocean,2020,1.2,3676
Southampton township,Burlington,2015,44.4,10402
Southampton township,Burlington,2020,44.4,10139
Sparta township,Sussex,2015,38.8,19440
Sparta township,Sussex,2020,38.8,18681
Spotswood borough,Middlesex,2015,2.4,8413
Spotswood borough,Middlesex,2020,2.4,8255
Spring Lake borough,Monmouth,2015,1.5,2989
Spring Lake borough,Monmouth,2020,1.5,2922
Spring Lake Heights borough,Monmouth,2015,1.3,4683
Spring Lake Heights borough,Monmouth,2020,1.3,4530
Springfield township,Burlington,2015,29.6,3390
Springfield township,Burlington,2020,29.6,3260
Springfield township,Union,2015,5.2,17101
Springfield township,Union,2020,5.2,17432
Stafford township,Ocean,2015,54.7,26766
Stafford township,Ocean,2020,54.7,27674
Stanhope borough,Sussex,2015,2.1,3509
Stanhope borough,Sussex,2020,2.1,3327
Stillwater township,Sussex,2015,28.2,3995
Stillwater township,Sussex,2020,28.2,3900
Stockton borough,Hunterdon,2015,0.6,624
Stockton borough,Hunterdon,2020,0.6,472
Stone Harbor borough,Cape May,2015,2.3,875
Stone Harbor borough,Cape May,2020,2.3,876
Stow Creek township,Cumberland,2015,18.9,1365
Stow Creek township,Cumberland,2020,18.9,1046
Stratford borough,Camden,2015,1.6,7007
Stratford borough,Camden,2020,1.6,6968
Summit city,Union,2015,6.0,21869
Summit city,Union,2020,6.0,21913
Surf City borough,Ocean,2015,1.3,1130
Surf City borough,Ocean,2020,1.3,1260
Sussex borough,Sussex,2015,0.6,1972
Sussex borough,Sussex,2020,0.6,1836
Swedesboro borough,Gloucester,2015,0.8,2612
Swedesboro borough,Gloucester,2020,0.8,2583
Tabernacle township,Burlington,2015,49.6,6991
Tabernacle township,Burlington,2020,49.6,6815
Tavistock borough,Camden,2015,0.3,8
Tavistock borough,Camden,2020,0.3,5
Teaneck township,Bergen,2015,6.2,40569
Teaneck township,Bergen,2020,6.2,40461
Tenafly borough,Bergen,2015,4.6,14788
Tenafly borough,Bergen,2020,4.6,14550
Teterboro borough,Bergen,2015,1.1,85
Teterboro borough,Bergen,2020,1.1,110
Tewksbury township,Hunterdon,2015,31.8,5921
Tewksbury township,Hunterdon,2020,31.8,5796
Tinton Falls borough,Monmouth,2015,15.6,17872
Tinton Falls borough,Monmouth,2020,15.6,17584
Toms River township,Ocean,2015,52.7,91029
Toms River township,Ocean,2020,52.7,93279
Totowa borough,Passaic,2015,4.1,10931
Totowa borough,Passaic,2020,4.1,10810
Trenton city,Mercer,2015,8.2,84632
Trenton city,Mercer,2020,8.2,83387
Tuckerton borough,Ocean,2015,3.7,3364
Tuckerton borough,Ocean,2020,3.7,3373
Union Beach borough,Monmouth,2015,1.9,5885
Union Beach borough,Monmouth,2020,1.9,5362
Union City city,Hudson,2015,1.3,68656
Union City city,Hudson,2020,1.3,68073
Union township,Hunterdon,2015,20.6,5779
Union township,Hunterdon,2020,20.6,5688
Union township,Union,2015,9.1,57606
Union township,Union,2020,9.1,58735
Upper Deerfield township,Cumberland,2015,31.4,7622
Upper Deerfield township,Cumberland,2020,31.4,7328
Upper Freehold township,Monmouth,2015,47.4,6890
Upper Freehold township,Monmouth,2020,47.4,7013
Upper Pittsgrove township,Salem,2015,40.4,3474
Upper Pittsgrove township,Salem,2020,40.4,3362
Upper Saddle River borough,Bergen,2015,5.3,8335
Upper Saddle River borough,Bergen,2020,5.3,8214
Upper township,Cape May,2015,68.4,12157
Upper township,Cape May,2020,68.4,11867
Ventnor City city,Atlantic,2015,2.5,10593
Ventnor City city,Atlantic,2020,2.5,9995
Vernon township,Sussex,2015,70.0,22955
Vernon township,Sussex,2020,70.0,22102
Verona township,Essex,2015,2.8,13489
Verona township,Essex,2020,2.8,13478
Victory Gardens borough,Morris,2015,0.1,1593
Victory Gardens borough,Morris,2020,0.1,1604
Vineland city,Cumberland,2015,69.0,60987
Vineland city,Cumberland,2020,69.0,59405
Voorhees township,Camden,2015,11.6,29375
Voorhees township,Camden,2020,11.6,29188
Waldwick borough,Bergen,2015,2.1,9902
Waldwick borough,Bergen,2020,2.1,10051
Wall township,Monmouth,2015,31.7,26057
Wall township,Monmouth,2020,31.7,25707
Wallington borough,Bergen,2015,1.0,11584
Wallington borough,Bergen,2020,1.0,11553
Walpack township,Sussex,2015,24.9,4
Walpack township,Sussex,2020,24.9,8
Wanaque borough,Passaic,2015,9.3,11617
Wanaque borough,Passaic,2020,9.3,11719
Wantage township,Sussex,2015,67.5,11181
Wantage township,Sussex,2020,67.5,10899
Warren township,Somerset,2015,19.6,15867
Warren township,Somerset,2020,19.6,15708
Washington borough,Warren,2015,2.0,6466
Washington borough,Warren,2020,2.0,6475
Washington township,Bergen,2015,3.0,9271
Washington township,Bergen,2020,3.0,9208
Washington township,Burlington,2015,104.8,854
Washington township,Burlington,2020,104.8,609
Washington township,Gloucester,2015,21.5,48097
Washington township,Gloucester,2020,21.5,47878
Washington township,Morris,2015,44.9,18729
Washington township,Morris,2020,44.9,18304
Washington township,Warren,2015,18.0,6510
Washington township,Warren,2020,18.0,6386
Watchung borough,Somerset,2015,6.0,5900
Watchung borough,Somerset,2020,6.0,6040
Waterford township,Camden,2015,36.2,10726
Waterford township,Camden,2020,36.2,10694
Wayne township,Passaic,2015,25.2,55110
Wayne township,Passaic,2020,25.2,53665
Weehawken township,Hudson,2015,0.8,13215
Weehawken township,Hudson,2020,0.8,14756
Wenonah borough,Gloucester,2015,1.0,2199
Wenonah borough,Gloucester,2020,1.0,2255
West Amwell township,Hunterdon,2015,21.9,2794
West Amwell township,Hunterdon,2020,21.9,2764
West Caldwell township,Essex,2015,5.1,10936
West Caldwell township,Essex,2020,5.1,10872
West Cape May borough,Cape May,2015,1.2,966
West Cape May borough,Cape May,2020,1.2,1008
West Deptford township,Gloucester,2015,17.8,21493
West Deptford township,Gloucester,2020,17.8,21089
West Long Branch borough,Monmouth,2015,2.9,7974
West Long Branch borough,Monmouth,2020,2.9,7911
West Milford township,Passaic,2015,81.0,26610
West Milford township,Passaic,2020,81.0,26355
West New York town,Hudson,2015,1.0,51860
West New York town,Hudson,2020,1.0,52778
West Orange township,Essex,2015,12.1,47014
West Orange township,Essex,2020,12.1,47528
West Wildwood borough,Cape May,2015,0.4,448
West Wildwood borough,Cape May,2020,0.4,409
West Windsor township,Mercer,2015,26.3,27872
West Windsor township,Mercer,2020,26.3,28074
Westampton township,Burlington,2015,11.1,8780
Westampton township,Burlington,2020,11.1,8687
Westfield town,Union,2015,6.7,30552
Westfield town,Union,2020,6.7,29690
Westville borough,Gloucester,2015,1.4,4247
Westville borough,Gloucester,2020,1.4,4171
Westwood borough,Bergen,2015,2.3,11140
Westwood borough,Bergen,2020,2.3,11096
Weymouth township,Atlantic,2015,12.2,2755
Weymouth township,Atlantic,2020,12.2,2800
Wharton borough,Morris,2015,2.1,6607
Wharton borough,Morris,2020,2.1,6458
White township,Warren,2015,27.8,4775
White township,Warren,2020,27.8,4685
Wildwood city,Cape May,2015,1.7,5234
Wildwood city,Cape May,2020,1.7,4985
Wildwood Crest borough,Cape May,2015,1.5,3227
Wildwood Crest borough,Cape May,2020,1.5,3073
Willingboro township,Burlington,2015,8.1,31476
Willingboro township,Burlington,2020,8.1,31862
Winfield township,Union,2015,0.2,1572
Winfield township,Union,2020,0.2,1576
Winslow township,Camden,2015,58.2,39178
Winslow township,Camden,2020,58.2,38741
Woodbine borough,Cape May,2015,8.0,2710
Woodbine borough,Cape May,2020,8.0,2352
Woodbridge township,Middlesex,2015,24.0,101164
Woodbridge township,Middlesex,2020,24.0,99788
Woodbury city,Gloucester,2015,2.1,10087
Woodbury city,Gloucester,2020,2.1,9839
Woodbury Heights borough,Gloucester,2015,1.3,3022
Woodbury Heights borough,Gloucester,2020,1.3,2977
Woodcliff Lake borough,Bergen,2015,3.5,5818
Woodcliff Lake borough,Bergen,2020,3.5,5836
Woodland Park borough,Passaic,2015,3.1,12267
Woodland Park borough,Passaic,2020,3.1,12608
Woodland township,Burlington,2015,94.4,1392
Woodland township,Burlington,2020,94.4,1951
Woodlynne borough,Camden,2015,0.2,2970
Woodlynne borough,Camden,2020,0.2,2911
Wood-Ridge borough,Bergen,2015,1.1,7938
Wood-Ridge borough,Bergen,2020,1.1,9016
Woodstown borough,Salem,2015,1.6,3562
Woodstown borough,Salem,2020,1.6,3445
Woolwich township,Gloucester,2015,21.4,11546
Woolwich township,Gloucester,2020,21.4,12749
Wrightstown borough,Burlington,2015,1.8,821
Wrightstown borough,Burlington,2020,1.8,546
Wyckoff township,Bergen,2015,6.6,17045
Wyckoff township,Bergen,2020,6.6,16959
